股票代號,股票網址
3028.TW,https://tw.tradingview.com/chart/ifVxylSI/?symbol=TWSE%3A3028
2845.TW,https://tw.tradingview.com/chart/ifVxylSI/?symbol=TWSE%3A2845
3576.TW,https://tw.tradingview.com/chart/ifVxylSI/?symbol=TWSE%3A3576
3027.TW,https://tw.tradingview.com/chart/ifVxylSI/?symbol=TWSE%3A3027
6282.TW,https://tw.tradingview.com/chart/ifVxylSI/?symbol=TWSE%3A6282
1522.TW,https://tw.tradingview.com/chart/ifVxylSI/?symbol=TWSE%3A1522
2615.TW,https://tw.tradingview.com/chart/ifVxylSI/?symbol=TWSE%3A2615
2332.TW,https://tw.tradingview.com/chart/ifVxylSI/?symbol=TWSE%3A2332
3038.TW,https://tw.tradingview.com/chart/ifVxylSI/?symbol=TWSE%3A3038
3607.TW,https://tw.tradingview.com/chart/ifVxylSI/?symbol=TWSE%3A3607
5521.TW,https://tw.tradingview.com/chart/ifVxylSI/?symbol=TWSE%3A5521
2101.TW,https://tw.tradingview.com/chart/ifVxylSI/?symbol=TWSE%3A2101
6165.TW,https://tw.tradingview.com/chart/ifVxylSI/?symbol=TWSE%3A6165
1609.TW,https://tw.tradingview.com/chart/ifVxylSI/?symbol=TWSE%3A1609
2359.TW,https://tw.tradingview.com/chart/ifVxylSI/?symbol=TWSE%3A2359
2886.TW,https://tw.tradingview.com/chart/ifVxylSI/?symbol=TWSE%3A2886
2312.TW,https://tw.tradingview.com/chart/ifVxylSI/?symbol=TWSE%3A2312
1710.TW,https://tw.tradingview.com/chart/ifVxylSI/?symbol=TWSE%3A1710
2337.TW,https://tw.tradingview.com/chart/ifVxylSI/?symbol=TWSE%3A2337
2363.TW,https://tw.tradingview.com/chart/ifVxylSI/?symbol=TWSE%3A2363
2401.TW,https://tw.tradingview.com/chart/ifVxylSI/?symbol=TWSE%3A2401
4906.TW,https://tw.tradingview.com/chart/ifVxylSI/?symbol=TWSE%3A4906
1618.TW,https://tw.tradingview.com/chart/ifVxylSI/?symbol=TWSE%3A1618
6226.TW,https://tw.tradingview.com/chart/ifVxylSI/?symbol=TWSE%3A6226
2887.TW,https://tw.tradingview.com/chart/ifVxylSI/?symbol=TWSE%3A2887
1504.TW,https://tw.tradingview.com/chart/ifVxylSI/?symbol=TWSE%3A1504
2515.TW,https://tw.tradingview.com/chart/ifVxylSI/?symbol=TWSE%3A2515
1711.TW,https://tw.tradingview.com/chart/ifVxylSI/?symbol=TWSE%3A1711
3296.TW,https://tw.tradingview.com/chart/ifVxylSI/?symbol=TWSE%3A3296
4960.TW,https://tw.tradingview.com/chart/ifVxylSI/?symbol=TWSE%3A4960
3047.TW,https://tw.tradingview.com/chart/ifVxylSI/?symbol=TWSE%3A3047
2002.TW,https://tw.tradingview.com/chart/ifVxylSI/?symbol=TWSE%3A2002
3380.TW,https://tw.tradingview.com/chart/ifVxylSI/?symbol=TWSE%3A3380
9904.TW,https://tw.tradingview.com/chart/ifVxylSI/?symbol=TWSE%3A9904
2891.TW,https://tw.tradingview.com/chart/ifVxylSI/?symbol=TWSE%3A2891
2884.TW,https://tw.tradingview.com/chart/ifVxylSI/?symbol=TWSE%3A2884
6116.TW,https://tw.tradingview.com/chart/ifVxylSI/?symbol=TWSE%3A6116
2352.TW,https://tw.tradingview.com/chart/ifVxylSI/?symbol=TWSE%3A2352
5880.TW,https://tw.tradingview.com/chart/ifVxylSI/?symbol=TWSE%3A5880
2495.TW,https://tw.tradingview.com/chart/ifVxylSI/?symbol=TWSE%3A2495
8011.TW,https://tw.tradingview.com/chart/ifVxylSI/?symbol=TWSE%3A8011
1455.TW,https://tw.tradingview.com/chart/ifVxylSI/?symbol=TWSE%3A1455
2892.TW,https://tw.tradingview.com/chart/ifVxylSI/?symbol=TWSE%3A2892
2882.TW,https://tw.tradingview.com/chart/ifVxylSI/?symbol=TWSE%3A2882
6288.TW,https://tw.tradingview.com/chart/ifVxylSI/?symbol=TWSE%3A6288
2460.TW,https://tw.tradingview.com/chart/ifVxylSI/?symbol=TWSE%3A2460
1717.TW,https://tw.tradingview.com/chart/ifVxylSI/?symbol=TWSE%3A1717
2353.TW,https://tw.tradingview.com/chart/ifVxylSI/?symbol=TWSE%3A2353
2543.TW,https://tw.tradingview.com/chart/ifVxylSI/?symbol=TWSE%3A2543
2618.TW,https://tw.tradingview.com/chart/ifVxylSI/?symbol=TWSE%3A2618
2610.TW,https://tw.tradingview.com/chart/ifVxylSI/?symbol=TWSE%3A2610
2634.TW,https://tw.tradingview.com/chart/ifVxylSI/?symbol=TWSE%3A2634
0056.TW,https://tw.tradingview.com/chart/ifVxylSI/?symbol=TWSE%3A0056
2331.TW,https://tw.tradingview.com/chart/ifVxylSI/?symbol=TWSE%3A2331
2880.TW,https://tw.tradingview.com/chart/ifVxylSI/?symbol=TWSE%3A2880
1471.TW,https://tw.tradingview.com/chart/ifVxylSI/?symbol=TWSE%3A1471
2834.TW,https://tw.tradingview.com/chart/ifVxylSI/?symbol=TWSE%3A2834
1605.TW,https://tw.tradingview.com/chart/ifVxylSI/?symbol=TWSE%3A1605
6120.TW,https://tw.tradingview.com/chart/ifVxylSI/?symbol=TWSE%3A6120
1712.TW,https://tw.tradingview.com/chart/ifVxylSI/?symbol=TWSE%3A1712
2605.TW,https://tw.tradingview.com/chart/ifVxylSI/?symbol=TWSE%3A2605
3033.TW,https://tw.tradingview.com/chart/ifVxylSI/?symbol=TWSE%3A3033
1529.TW,https://tw.tradingview.com/chart/ifVxylSI/?symbol=TWSE%3A1529
6152.TW,https://tw.tradingview.com/chart/ifVxylSI/?symbol=TWSE%3A6152
2489.TW,https://tw.tradingview.com/chart/ifVxylSI/?symbol=TWSE%3A2489
2883.TW,https://tw.tradingview.com/chart/ifVxylSI/?symbol=TWSE%3A2883
2405.TW,https://tw.tradingview.com/chart/ifVxylSI/?symbol=TWSE%3A2405
2324.TW,https://tw.tradingview.com/chart/ifVxylSI/?symbol=TWSE%3A2324
2890.TW,https://tw.tradingview.com/chart/ifVxylSI/?symbol=TWSE%3A2890
2365.TW,https://tw.tradingview.com/chart/ifVxylSI/?symbol=TWSE%3A2365
3706.TW,https://tw.tradingview.com/chart/ifVxylSI/?symbol=TWSE%3A3706
2371.TW,https://tw.tradingview.com/chart/ifVxylSI/?symbol=TWSE%3A2371
2417.TW,https://tw.tradingview.com/chart/ifVxylSI/?symbol=TWSE%3A2417
1528.TW,https://tw.tradingview.com/chart/ifVxylSI/?symbol=TWSE%3A1528
2617.TW,https://tw.tradingview.com/chart/ifVxylSI/?symbol=TWSE%3A2617
3041.TW,https://tw.tradingview.com/chart/ifVxylSI/?symbol=TWSE%3A3041
2801.TW,https://tw.tradingview.com/chart/ifVxylSI/?symbol=TWSE%3A2801
8110.TW,https://tw.tradingview.com/chart/ifVxylSI/?symbol=TWSE%3A8110
4526.TW,https://tw.tradingview.com/chart/ifVxylSI/?symbol=TWSE%3A4526
2812.TW,https://tw.tradingview.com/chart/ifVxylSI/?symbol=TWSE%3A2812
6770.TW,https://tw.tradingview.com/chart/ifVxylSI/?symbol=TWSE%3A6770
1809.TW,https://tw.tradingview.com/chart/ifVxylSI/?symbol=TWSE%3A1809
1524.TW,https://tw.tradingview.com/chart/ifVxylSI/?symbol=TWSE%3A1524
1608.TW,https://tw.tradingview.com/chart/ifVxylSI/?symbol=TWSE%3A1608
2369.TW,https://tw.tradingview.com/chart/ifVxylSI/?symbol=TWSE%3A2369
3437.TW,https://tw.tradingview.com/chart/ifVxylSI/?symbol=TWSE%3A3437
2609.TW,https://tw.tradingview.com/chart/ifVxylSI/?symbol=TWSE%3A2609
9919.TW,https://tw.tradingview.com/chart/ifVxylSI/?symbol=TWSE%3A9919
6141.TW,https://tw.tradingview.com/chart/ifVxylSI/?symbol=TWSE%3A6141
2305.TW,https://tw.tradingview.com/chart/ifVxylSI/?symbol=TWSE%3A2305
2208.TW,https://tw.tradingview.com/chart/ifVxylSI/?symbol=TWSE%3A2208
2344.TW,https://tw.tradingview.com/chart/ifVxylSI/?symbol=TWSE%3A2344
2406.TW,https://tw.tradingview.com/chart/ifVxylSI/?symbol=TWSE%3A2406
3481.TW,https://tw.tradingview.com/chart/ifVxylSI/?symbol=TWSE%3A3481
1101.TW,https://tw.tradingview.com/chart/ifVxylSI/?symbol=TWSE%3A1101
2409.TW,https://tw.tradingview.com/chart/ifVxylSI/?symbol=TWSE%3A2409
2362.TW,https://tw.tradingview.com/chart/ifVxylSI/?symbol=TWSE%3A2362
2402.TW,https://tw.tradingview.com/chart/ifVxylSI/?symbol=TWSE%3A2402
3312.TW,https://tw.tradingview.com/chart/ifVxylSI/?symbol=TWSE%3A3312
6168.TW,https://tw.tradingview.com/chart/ifVxylSI/?symbol=TWSE%3A6168
2885.TW,https://tw.tradingview.com/chart/ifVxylSI/?symbol=TWSE%3A2885
1316.TW,https://tw.tradingview.com/chart/ifVxylSI/?symbol=TWSE%3A1316
2367.TW,https://tw.tradingview.com/chart/ifVxylSI/?symbol=TWSE%3A2367
2303.TW,https://tw.tradingview.com/chart/ifVxylSI/?symbol=TWSE%3A2303
3712.TW,https://tw.tradingview.com/chart/ifVxylSI/?symbol=TWSE%3A3712
1721.TW,https://tw.tradingview.com/chart/ifVxylSI/?symbol=TWSE%3A1721
